filename,react_1_tokens,react_2_tokens,react_3_tokens,average_tokens
10times,1973,1838,1995,1935.3
3lbarberco,1481,1338,1497,1438.7
abc,991,1043,1191,1075.0
accenture,1489,1603,1786,1626.0
adobe,1253,1176,1153,1194.0
airbnb,1887,1914,1917,1906.0
airtable,1610,1453,1447,1503.3
aliabdaal,818,917,891,875.3
aliexpress,1721,1518,1759,1666.0
aljazeera,2048,2048,2048,2048.0
allinclusivevacations,1460,1373,1488,1440.3
allrecipes,1590,1593,1537,1573.3
allrecipes_mobile,1538,1469,1771,1592.7
amazon,1470,1416,1464,1450.0
amnesty,1405,2048,2048,1833.7
apple,2391,2362,2347,2366.7
arxiv_article,1298,1047,1984,1443.0
arxiv_org,1388,1253,1404,1348.3
asos,951,977,988,972.0
atlassian,1001,2048,2048,1699.0
awwwards,1924,1822,1897,1881.0
bain,1248,1228,1105,1193.7
bbc,1567,1399,1559,1508.3
bbc_mobile,1444,1399,1543,1462.0
bbc_search,1325,1360,1216,1300.3
bbs,1092,975,985,1017.3
bcg,1646,1480,1548,1558.0
behance,1308,1327,1327,1320.7
behance_article,951,864,982,932.3
ben-evans,1207,1124,1299,1210.0
bestbuy,1538,1443,1591,1524.0
bestbuy_country,916,887,887,896.7
bizzabo,2240,2077,1882,2066.3
bookbub,857,934,1200,997.0
brainpickings,1278,1139,1220,1212.3
britannica,1034,988,1121,1047.7
britannica_1,995,853,939,929.0
business_standard,435,538,652,541.7
buzzfeed,3678,,,3678.0
calendly,2310,1977,2008,2098.3
cambridge,1823,1535,1753,1703.7
carbonmade,965,950,989,968.0
cargocollective,938,823,854,871.7
champlaintours,1866,1935,1871,1890.7
charitywater,1747,2048,2048,1947.7
cisco,999,1014,161,724.7
cnn_mobile,1257,1255,1248,1253.3
cnn_search,1003,900,1013,972.0
codecademy,1354,1342,1328,1341.3
codepen,1554,1580,1600,1578.0
community,1077,991,1066,1044.7
conferencemonkey,1705,1579,2048,1777.3
copyblogger,1050,1003,1727,1260.0
coroflot,1587,1583,1608,1592.7
coursera,801,857,618,758.7
craigmod,1419,1422,1275,1372.0
crevado,1804,1663,2048,1838.3
curlytales,1438,1333,1384,1385.0
daringfireball,1175,1105,1074,1118.0
dell,1019,1062,1062,1047.7
deloitte,1584,1578,204,1122.0
designerhangout,1690,1606,1786,1694.0
designspiration,2793,2742,2971,2835.3
dev,1177,1235,1130,1180.7
dev_search,1233,1085,1086,1134.7
deviantart,1445,1361,1920,1575.3
deviantart_login,1007,1029,1029,1021.7
dictionary,1169,99,537,601.7
discord,1556,1584,1588,1576.0
doctorswithoutborders,1115,126,556,599.0
dopplepress,1623,1505,2048,1725.3
dribbble,1469,1516,1532,1505.7
drift,1040,2048,2048,1712.0
dropbox,1094,1161,1098,1117.7
duolingo,794,930,1076,933.3
ebay,1060,1092,1175,1109.0
ebay_mobile,1230,1249,1210,1229.7
ecosia,1312,1312,1194,1272.7
eiosys,1872,1791,1859,1840.7
elfontheshelf,1452,1355,1440,1415.7
en_wikipedia_org,1225,1121,1385,1243.7
encyclopedia,1508,1543,1700,1583.7
espn_mobile,1274,1261,1330,1288.3
etsy,1596,1894,1904,1798.0
eventbee,1657,1633,1705,1665.0
eventbrite,1388,1321,1348,1352.3
evernote,4171,4099,4325,4198.3
expedia,1232,1089,111,810.7
explaintheasterisk,1628,2048,2048,1908.0
exploratorium,3017,2960,3072,3016.3
ey,1954,1860,1976,1930.0
fabiacupuncture,1896,1917,2061,1958.0
factmonster,1064,1046,1131,1080.3
feedingamerica,1104,1050,2048,1400.7
figma,1101,1077,153,777.0
fiverr_com,1498,1411,1437,1448.7
fobes_mobile,1650,1692,1755,1699.0
foodnetwork,2556,2495,2607,2552.7
forbesindia,697,783,845,775.0
format,1949,1882,379,1403.3
forum,1604,1592,1608,1601.3
fs,1397,1472,1418,1429.0
gayandsober,1526,1511,1467,1501.3
github,1293,1331,1362,1328.7
glitch,1905,1840,1845,1863.3
goldstar,1487,1406,1396,1429.7
goodreads,1501,1328,1351,1393.3
goodreads_1,1385,1377,1405,1389.0
grailed,1762,1605,2048,1805.0
greenpeace,963,831,894,896.0
habitat,1938,2001,1923,1954.0
healthline,1816,1776,1852,1814.7
heroinesinc,2177,2107,2142,2142.0
history,2084,2082,2079,2081.7
home,2547,2464,2048,2353.0
homesweethome,1805,2000,1923,1909.3
hopin,2318,2225,136,1559.7
howstuffworks,1109,1083,1102,1098.0
hpe,1891,2054,2054,1999.7
hubspot,1409,1456,1409,1424.7
huffpost,2616,2799,2818,2744.3
ibm,921,850,999,923.3
idigmarketing,2011,2011,2097,2039.7
idlewords,1418,1324,1383,1375.0
ieeexplore_ieee_org,1533,1509,,1521.0
ifrc,1233,1126,1249,1202.7
imdb,1377,1366,252,998.3
imdb_article,1230,1105,1161,1165.3
imdb_mobile,1217,1212,1188,1205.7
immanuel_lodge,1948,1849,1840,1879.0
indeed_mobile,1480,1364,1515,1453.0
indiehackers,1718,1872,1984,1858.0
intel,1569,1486,1610,1555.0
investing,1445,1445,1595,1495.0
investing_article,1620,1919,1780,1773.0
investing_mobile,1491,1463,1426,1460.0
investopedia,8186,468,529,3061.0
inwardtravel,1817,1867,1753,1812.3
javaboynation,2977,2897,3164,3012.7
jhatkaa,1678,1484,7787,3649.7
jhatkaa_join,854,787,1990,1210.3
joncookingclass,1304,1236,2048,1529.3
jstor,626,522,662,603.3
kaggle_com,1482,1520,1411,1471.0
ketto,1215,1288,1288,1263.7
khanacademy,2048,,,2048.0
kiva,1175,1100,1247,1174.0
kottke,1124,1050,938,1037.3
krop,1366,1236,1266,1289.3
last_fm,1287,1183,1164,1211.3
launchdarkly,2347,2135,2287,2256.3
leanlabs,1854,1778,1820,1817.3
lek,1564,1398,1661,1541.0
linear,2337,2337,2454,2376.0
linkedin,2710,2617,169,1832.0
lobste,1031,1031,961,1007.7
lonelyplanet,1556,1668,1614,1612.7
lonelyplanet_mobile,1336,1227,1332,1298.3
ma,1245,1053,1199,1165.7
majlislaw,1823,1702,1748,1757.7
markmanson,879,797,858,844.7
masterclass,2160,2069,2048,2092.3
matthewstrom,1574,1472,1650,1565.3
mckinsey,1518,1574,1685,1592.3
medium,2076,1871,1978,1975.0
meetup,1566,1546,1648,1586.7
memberful,2201,2120,1621,1980.7
memberships,860,853,898,870.3
memberstack,2644,2536,2667,2615.7
memorialsnewyork,1373,1300,1445,1372.7
metafilter,1718,1621,1739,1692.7
microsoft,2084,2188,2441,2237.7
milaap,1865,1783,1825,1824.3
miro,1514,1398,1476,1462.7
mit,1685,1506,1728,1639.7
motherteresa,2252,2120,2115,2162.3
mozilla,2047,162,319,842.7
mozilla_article,1430,1287,1279,1332.0
myartindy,1346,1247,1565,1386.0
nasa,1172,1172,1117,1153.7
nationalgeographic,1407,1664,1563,1544.7
nationwide,1837,1755,366,1319.3
nature,1637,1539,1675,1617.0
nav,1055,1052,971,1026.0
ncase,1478,1427,1450,1451.7
neilpatel,2678,2678,477,1944.3
nera,1576,1488,1526,1530.0
netflix,1794,1809,1566,1723.0
newegg,2249,2376,2264,2296.3
newslaundry,1164,1116,1138,1139.3
nike,1476,1372,1413,1420.3
notion,1653,1565,1744,1654.0
npr_mobile,1431,1343,1489,1421.0
nutrime,1550,1475,1624,1549.7
nytimes,1972,1862,1744,1859.3
oakhousedistillery,1880,1799,1611,1763.3
old_reddit_com,1500,1447,1648,1531.7
oliverwyman,1523,1525,1572,1540.0
opencourseware,2277,2258,2202,2245.7
opencourseware_search,1067,956,1124,1049.0
oracle,1629,1747,1695,1690.3
osf_io,1578,1622,1722,1640.7
ourworldindata,1649,1524,88,1087.0
overreacted,1042,982,1021,1015.0
oxfam,1154,1154,1486,1264.7
paulgraham,1471,1388,1457,1438.7
peachybbies,1662,1731,1613,1668.7
pewresearch,1580,1439,1520,1513.0
pipsnacks,1152,1101,1258,1170.3
plaid,1696,60,244,666.7
podia,4114,3865,4061,4013.3
portfolio,1621,1560,985,1388.7
pretix,2545,2390,2494,2476.3
private_tour,1357,1502,1358,1405.7
producthunt,1412,1344,1400,1385.3
pubmed_ncbi_nlm_nih_gov,887,758,889,844.7
pwc,1752,1710,1646,1702.7
quora,1203,1215,1161,1193.0
rainforest-alliance,1812,1782,1813,1802.3
readymag,1705,1606,1648,1653.0
redcross,1576,2048,2048,1890.7
reddit,1471,1454,1524,1483.0
replit,2228,1875,1947,2016.7
researchgate,1878,1914,2048,1946.7
retool,2163,2038,1994,2065.0
ribbonfarm,963,809,948,906.7
rogerebert,1659,1649,1753,1687.0
rolandberger,1935,1859,1966,1920.0
rottentomatoes,1434,1376,1234,1348.0
salesforce,1056,905,906,955.7
science_error,734,611,991,778.7
selvanashvini,2166,2044,2114,2108.0
semanticscholar,1511,1494,,1502.5
seths,795,964,924,894.3
shopify,1061,976,976,1004.3
shutterfly,1233,1305,1375,1304.3
siemens,980,980,906,955.3
siteinspire,849,874,782,835.0
sive,1388,1450,1446,1428.0
skillshare,1446,1402,1496,1448.0
slack,2627,2475,1540,2214.0
slashdot,1583,1658,1696,1645.7
smashingmagazine,1778,1765,2080,1874.3
somethingawful,1379,1635,1680,1564.7
soundcloud_com,1040,918,1017,991.7
spectrum,1422,1444,1577,1481.0
spline,1639,1481,1512,1544.0
springer,840,802,883,841.7
squaredot,2513,2325,2510,2449.3
stackexchange,954,960,960,958.0
stackoverflow,833,907,921,887.0
stackoverflow_search,959,897,1100,985.3
strategyand,1532,2048,2048,1876.0
studentsforlife,1535,1641,1561,1579.0
substack,1188,1024,1166,1126.0
super,1101,1019,1117,1079.0
support_google_com,1192,1062,1078,1110.7
support_microsoft_com,2500,2665,2475,2546.7
sxsw,1943,2048,2047,2012.7
tally,1394,1358,2033,1595.0
tapatalk,3526,3520,3520,3522.0
target,1662,1663,1595,1640.0
techcrunch_mobile,1294,1940,2027,1753.7
ted,932,706,335,657.7
thebeacontoday,1074,175,526,591.7
thecollinswedding,1569,1519,1599,1562.3
thefwa,1572,1526,,1549.0
themeforest,1560,1436,1588,1528.0
thequint,1710,1567,1670,1649.0
theverge_mobile,1482,1568,1517,1522.3
ticketleap,1367,1270,1319,1318.7
ticketmaster,1390,1267,1278,1311.7
tourismrichmondhill,1701,1682,1732,1705.0
tripit,896,818,1232,982.0
typeform,1242,1197,1293,1244.0
udemy,1809,1770,1907,1828.7
ukgov,1591,1557,1614,1587.3
ukgov_article,1509,1405,1550,1488.0
unicef,1324,1151,1234,1236.3
unsplash,1303,1204,,1253.5
usagov,1558,2048,2048,1884.7
usagov_article,1692,1617,292,1200.3
vercel,2010,2133,466,1536.3
visualcapitalist,1581,1569,1672,1607.3
waitbutwhy,856,865,896,872.3
walmart,1792,1858,1718,1789.3
wayfair,1977,1893,2151,2007.0
webmd_mobile,1498,1441,1514,1484.3
weddinggownalterations,1670,1589,2048,1769.0
who,1381,1391,1320,1364.0
wikihow,1589,1593,1508,1563.3
wikipedia,846,875,1088,936.3
wikipedia_mobile,2048,2048,2048,2048.0
worldwildlife,1618,1621,1555,1598.0
yandex,1137,1250,1253,1213.3
ycombinator,1122,1079,1049,1083.3
zapier,3600,3396,3567,3521.0
zappos,1090,939,1178,1069.0
zenhabits,1191,1210,1210,1203.7
zionadventurephotog,1580,1977,1971,1842.7
